iteration,loss,q_mean,td_error,action_entropy,reward,avg_reward,eps
0,0.772205576300621,0.03534012474119663,-0.9950605928897858,0.019169594161212444,-1.0732890367507935,-1.0732890367507935,tensor(0.9998)
1,0.643649160861969,0.03621382173150778,-0.9237435311079025,0.019169594161212444,-1.0714223384857178,-1.0723556876182556,tensor(0.9996)
