iteration,loss,q_mean,td_error,action_entropy,reward,avg_reward,eps
1,0.312944732606411,0.03256943728774786,-0.27638354152441025,0.3599525522440672,-0.3380947411060333,-0.3380947411060333,tensor(0.9995)
2,0.576410561800003,0.032536652870476246,-0.6171303242444992,0.0706984456628561,-0.6641390323638916,-0.5011168867349625,tensor(0.9990)
3,0.6610085964202881,0.03286988288164139,-0.823727086186409,0.05288643669337034,-0.8285950422286987,-0.6102762718995413,tensor(0.9985)
