iteration,loss,q_mean,td_error,action_entropy,reward,avg_reward,eps
1,0.4498225003480911,0.03308037295937538,-0.4100722372531891,0.9985041171312332,-0.4365401268005371,-0.4365401268005371,tensor(0.9990)
2,0.4083991125226021,0.03243224509060383,-0.497366264462471,0.9833400249481201,-0.5375008583068848,-0.48702049255371094,tensor(0.9980)
3,0.4734528958797455,0.03215466067194939,-0.6259914338588715,0.9917464852333069,-0.6644382476806641,-0.5461597442626953,tensor(0.9970)
4,0.45637401193380356,0.032018776051700115,-0.5898815840482712,1.096733421087265,-0.6173825263977051,-0.5639654397964478,tensor(0.9960)
5,0.44145601987838745,0.03216629661619663,-0.4600284695625305,1.1733989119529724,-0.4901995360851288,-0.5492122590541839,tensor(0.9950)
6,0.43258896470069885,0.03277380298823118,-0.44843415915966034,1.3158199489116669,-0.506710946559906,-0.5421287069718043,tensor(0.9940)
7,0.43936536461114883,0.03407051041722298,-0.5710276812314987,1.415957272052765,-0.6329636573791504,-0.5551051284585681,tensor(0.9930)
8,0.41729636490345,0.036397604271769524,-0.5797818303108215,1.3342905640602112,-0.6219232082366943,-0.5634573884308338,tensor(0.9920)
