iteration,loss,q_mean,td_error,action_entropy,reward,avg_reward,eps
2,2.268182337284088,0.03309290297329426,-2.250703811645508,0.19149383902549744,-2.100667953491211,-2.100667953491211,tensor(0.9998)
