iteration,loss,q_mean,td_error,action_entropy,reward,avg_reward,eps
1,0.23271680250763893,0.03402184322476387,-0.19818317517638206,0.468361996114254,-0.2633701264858246,-0.2633701264858246,tensor(0.9998)
